,PCT_LACCESS_POP10,PCT_LACCESS_LOWI10,PCT_LACCESS_CHILD10,PCT_LACCESS_SENIORS10,PCT_LACCESS_HHNV10,cbsacode,Unnamed: 0,Population,MSA Name
0,33.7696573003,9.79353039613,8.83711177874,4.37637798152,3.28478555565,33860.0,141,374430,Montgomery AL Metro Area
1,19.3184725964,5.46026062435,4.34319915048,3.51357013301,2.14782715953,19300.0,221,200111,Daphne-Fairhope-Foley AL Metro Area
2,4.55975268323,2.14466099166,1.08751801308,0.657007739019,3.45858009549,13820.0,49,1143772,Birmingham-Hoover AL Metro Area
3,17.4901726183,5.08981574015,4.17427864493,2.92799126492,2.33825817182,22520.0,288,147639,Florence-Muscle Shoals AL Metro Area
4,2.26202707436,0.93031195033,0.504453428842,0.348714010208,1.66903830965,20020.0,286,148095,Dothan AL Metro Area
5,0.552759256209,0.226269136772,0.16499011758,0.0746465180291,8.07456204332,46220.0,193,235954,Tuscaloosa AL Metro Area
6,3.92975475107,1.64445826783,0.976639511839,0.561188321324,3.40728363431,19460.0,272,153084,Decatur AL Metro Area
7,31.2269121233,11.3516802841,6.6087039682,2.49891501209,2.76359464621,12220.0,269,154255,Auburn-Opelika AL Metro Area
8,12.2459677215,3.94986145513,2.33882871083,1.83435690563,2.77342905486,26620.0,118,441086,Huntsville AL Metro Area
9,27.3064843929,10.5885387727,6.88641056423,3.52767761865,2.24803888209,33660.0,127,415123,Mobile AL Metro Area
10,16.076004628,7.79916613126,3.82561426488,2.27869843991,3.56134586754,17980.0,162,312731,Columbus GA-AL Metro Area
11,30.1478544138,4.57183492325,7.8540325139,2.07989453288,0.965764683669,11260.0,134,398892,Anchorage AK Metro Area
12,12.8966744836,3.6673818967,3.08984911331,2.02904718462,0.784539968602,38060.0,11,4489109,Phoenix-Mesa-Scottsdale AZ Metro Area
13,44.1456989161,17.2537897744,8.19637701309,10.6874291077,2.44651450106,29420.0,216,203361,Lake Havasu City-Kingman AZ Metro Area
14,23.6883545783,7.26106541687,5.11036963442,4.48870828372,1.23520070791,46060.0,53,1004516,Tucson AZ Metro Area
15,33.2874608002,12.0812856196,6.53860280202,8.28139654655,2.26461904138,39140.0,201,218844,Prescott AZ Metro Area
16,22.3511278785,10.5296899476,6.29099660002,4.2369252294,2.0485454382,49740.0,217,203247,Yuma AZ Metro Area
17,19.6943944525,6.33760408044,5.58733961313,2.50405402257,2.15799528102,22220.0,105,503046,Fayetteville-Springdale-Rogers AR-MO Metro Area
18,21.1002981826,9.6121687035,5.6688544505,2.60340309711,3.26111133128,22900.0,168,279592,Fort Smith AR-OK Metro Area
19,12.0252522702,4.39332608684,3.3896487345,1.22643745187,2.74369330301,32820.0,41,1344121,Memphis TN-MS-AR Metro Area
20,25.3354439009,9.0751424133,5.47665826185,2.09583575737,3.07473573713,30780.0,75,727777,Little Rock-North Little Rock-Conway AR Metro Area
21,6.55364547534,3.55186690047,1.72518400956,0.908185377914,4.64910645032,45500.0,287,147740,Texarkana TX-AR Metro Area
22,10.6222597615,1.60412838344,2.54294882104,1.1571693964,0.44932500115,41860.0,10,4594060,San Francisco-Oakland-Hayward CA Metro Area
23,22.1587343189,7.2190962939,4.77561677708,4.34832198405,2.09568848975,17020.0,199,224241,Chico CA Metro Area
24,27.9278912548,4.75281782795,6.85635971911,3.81941932676,1.52280335729,40900.0,27,2244397,Sacramento--Roseville--Arden-Arcade CA Metro Area
25,12.2125497672,5.45208378274,3.80454978807,1.09382920038,1.24515546876,23420.0,56,965974,Fresno CA Metro Area
26,16.146995285,8.04700348996,3.51743320504,1.51129444116,1.85571143498,20940.0,237,179091,El Centro CA Metro Area
27,15.2525790404,5.40417624745,4.26672838127,1.34479500156,1.0656510764,12540.0,62,874589,Bakersfield CA Metro Area
28,21.3969494118,5.64046780108,4.67735061182,0.966219886771,1.1165083313,25260.0,279,150269,Hanford-Corcoran CA Metro Area
29,6.2479247201,1.41943731434,1.52411642847,0.803809896815,0.224679553383,31080.0,1,13262220,Los Angeles-Long Beach-Anaheim CA Metro Area
30,19.8227629705,7.53312155826,5.53628281676,1.67346023807,1.720912011,31460.0,268,154548,Madera CA Metro Area
31,14.3060445869,5.50461052598,4.7153106216,1.25306008257,1.61592682304,32900.0,179,266353,Merced CA Metro Area
32,11.9120399316,3.11799671157,2.96970303425,1.51244095349,0.916907556084,41500.0,121,431344,Salinas CA Metro Area
33,14.1426669923,2.6440002591,2.86772639729,3.037006653,0.968575915559,34900.0,298,141667,Napa CA Metro Area
34,19.8197327414,6.17863095101,5.39044560406,2.51923281225,0.964333959215,40140.0,12,4441890,Riverside-San Bernardino-Ontario CA Metro Area
35,17.6643136903,2.9766766224,4.72778412875,2.11336499185,0.482292799631,41940.0,34,1952872,San Jose-Sunnyvale-Santa Clara CA Metro Area
36,14.7550033684,2.72738604679,3.23661144444,1.90673091829,0.457952801556,41740.0,16,3263431,San Diego-Carlsbad CA Metro Area
37,11.3787437877,3.58304151265,3.35327479749,0.930243824124,0.6057774235,44700.0,77,715597,Stockton-Lodi CA Metro Area
38,17.053694857,3.98926132572,3.39688991008,2.8976572413,1.10505803967,42020.0,169,279083,San Luis Obispo-Paso Robles-Arroyo Grande CA Metro Area
39,13.7919902832,2.95770495009,3.04860992126,2.28651941044,0.73567562009,42200.0,120,440668,Santa Maria-Santa Barbara CA Metro Area
40,16.1521870094,4.03508569191,2.9427000275,1.86254021747,0.854500875446,42100.0,177,271804,Santa Cruz-Watsonville CA Metro Area
41,23.0556164789,7.41295986012,5.15017996567,4.26461063836,2.01406247743,39820.0,236,179804,Redding CA Metro Area
42,22.3832169021,4.06823237677,5.43843321702,2.34249281201,1.07970041149,46700.0,122,431131,Vallejo-Fairfield CA Metro Area
43,16.4182066034,3.82303147142,3.37080174633,2.70729120439,1.01752163377,42220.0,106,500292,Santa Rosa CA Metro Area
44,13.4099827329,4.82379083436,3.9265949386,1.32703666294,1.12185224706,33700.0,103,531997,Modesto CA Metro Area
45,35.2693770667,10.4389596729,10.1336873381,4.14121542199,1.1966200224,49700.0,247,169813,Yuba City CA Metro Area
46,14.2989768044,8.05591298997,4.7945147559,1.3474594843,1.75222932719,47300.0,111,458198,Visalia-Porterville CA Metro Area
47,15.4597874142,2.46868069649,3.80588070489,2.07853415773,0.550514741909,37100.0,66,846178,Oxnard-Thousand Oaks-Ventura CA Metro Area
48,14.8880042106,4.53016591794,4.22088627729,1.19913598767,0.715803208092,19740.0,20,2754258,Denver-Aurora-Lakewood CO Metro Area
49,15.5696754444,2.84222492911,3.92794416935,1.55296580605,0.566455951448,14500.0,160,313333,Boulder CO Metro Area
50,29.5790170149,8.65383857794,7.26293900628,3.13779786891,1.88331228708,17820.0,79,686908,Colorado Springs CO Metro Area
51,22.4474349349,5.1085741695,5.20465197268,3.08411666349,0.849107314967,22660.0,153,324122,Fort Collins CO Metro Area
52,31.5625290799,8.80293726954,8.05837935049,4.39761206428,1.18534997856,24300.0,284,148255,Grand Junction CO Metro Area
53,42.1522650755,16.0012568569,10.4545853785,6.56298295126,2.82623935177,39380.0,260,161875,Pueblo CO Metro Area
54,15.3271559165,4.77947020391,4.28421145778,1.54299343525,0.748676081503,24540.0,171,277670,Greeley CO Metro Area
55,28.639947993,2.56396077537,7.51321207209,4.33585835868,1.08953261684,14860.0,57,945438,Bridgeport-Stamford-Norwalk CT Metro Area
56,31.4531995592,4.22122614279,6.94610530448,4.96166547921,1.41004532561,25540.0,47,1214295,Hartford-West Hartford-East Hartford CT Metro Area
57,15.8252650024,1.70778128257,3.74508405559,2.24056368496,1.46411766043,45860.0,233,184993,Torrington CT Micro Area
58,29.2638495998,4.01070622579,6.50894783628,4.68459384741,1.42594751975,35300.0,64,861277,New Haven-Milford CT Metro Area
59,28.6634986575,4.3994973561,6.02192693394,4.49537024685,2.01735552778,35980.0,174,273676,Norwich-New London CT Metro Area
60,18.711935504,6.16993918249,4.29845271351,2.58311478415,3.05596791113,49340.0,58,930473,Worcester MA-CT Metro Area
61,19.1853165233,4.83361555102,4.71294923112,2.91758176067,2.68581257038,20100.0,243,171987,Dover DE Metro Area
62,30.6400715276,6.49661659522,7.12499530265,3.81763583899,2.01595691426,37980.0,5,6051170,Philadelphia-Camden-Wilmington PA-NJ-DE-MD Metro Area
63,17.2833135891,4.91097005444,3.36511348891,4.00289062994,2.65064573592,41540.0,135,389922,Salisbury MD-DE Metro Area
64,2.8203518312,0.958012956935,0.653144759196,0.462333638054,0.702171922428,47900.0,6,6032744,Washington-Arlington-Alexandria DC-VA-MD-WV Metro Area
65,19.837603297,7.18342090834,3.83997721337,2.36545454169,1.90122460934,23540.0,175,272994,Gainesville FL Metro Area
66,33.7593076722,12.8165080008,7.89697810856,3.36999789326,1.49563789361,27260.0,40,1419127,Jacksonville FL Metro Area
67,36.3651725486,9.63567512592,8.48498290423,4.7902984136,1.65477775994,37460.0,227,192406,Panama City FL Metro Area
68,39.7075283132,10.7590171344,8.1415703944,7.6586009806,1.4479349677,37340.0,97,556885,Palm Bay-Melbourne-Titusville FL Metro Area
69,11.2391015516,2.75719736018,2.61692455131,1.66027863661,0.574627518597,33100.0,7,5929819,Miami-Fort Lauderdale-West Palm Beach FL Metro Area
70,42.6867860118,11.9802946554,6.52341906274,13.7637356523,2.13011382024,39460.0,250,168474,Punta Gorda FL Metro Area
71,27.998545274,8.14505141977,4.99946377159,9.16310212795,1.52173861723,34940.0,148,348777,Naples-Immokalee-Marco Island FL Metro Area
72,39.9084563143,12.9571834752,8.45359077337,5.44811745066,2.52580170175,37860.0,109,474081,Pensacola-Ferry Pass-Brent FL Metro Area
73,35.0743472713,10.2467603113,7.29809306899,8.60659524967,2.19794409462,19660.0,90,609939,Deltona-Daytona Beach-Ormond Beach FL Metro Area
74,10.3766396619,5.8019351742,3.26204550799,1.28735587514,8.5600577409,45220.0,140,374890,Tallahassee FL Metro Area
75,32.6146443028,10.5484584806,6.33911448182,9.2235763754,1.87476568977,45300.0,17,2915582,Tampa-St. Petersburg-Clearwater FL Metro Area
76,46.0485563376,14.5964957247,8.28046283995,13.3184750578,3.0522099411,42680.0,294,144755,Sebastian-Vero Beach FL Metro Area
77,30.3268707603,9.21351577255,6.22074212507,7.99098619793,2.04942254628,36740.0,25,2321418,Orlando-Kissimmee-Sanford FL Metro Area
78,27.9930103782,8.98768351903,5.65841471432,6.59668435628,1.70215170531,15980.0,80,679513,Cape Coral-Fort Myers FL Metro Area
79,23.043456421,5.73812936988,3.79299331371,6.63408061898,0.96228642847,35840.0,73,748708,North Port-Sarasota-Bradenton FL Metro Area
80,25.1009087015,8.54342715974,5.05143388182,6.73109330226,2.4653335351,36100.0,150,339167,Ocala FL Metro Area
81,32.2695461899,7.37264425309,5.14889664933,10.3610045499,1.52881207673,38940.0,115,444420,Port St. Lucie FL Metro Area
82,35.1055574294,8.25707357103,8.11733935177,4.83567434801,1.51784100822,18880.0,185,258042,Crestview-Fort Walton Beach-Destin FL Metro Area
83,31.5905976501,10.6677125727,7.2393486168,6.20550324459,2.05074342971,29460.0,85,634638,Lakeland-Winter Haven FL Metro Area
84,76.8389950638,43.5125328003,17.1707434299,12.283769439,14.7457404405,10500.0,274,152596,Albany GA Metro Area
85,14.7059775895,5.72709229068,4.06378537782,1.16278647724,1.99068041927,12060.0,8,5611829,Atlanta-Sandy Springs-Roswell GA Metro Area
86,22.8010017932,7.74513860365,6.02692633331,3.17403128472,2.02644212157,31420.0,195,233212,Macon GA Metro Area
87,8.34227946587,3.94097246624,2.18763665872,1.17647033412,2.59063009955,46660.0,296,143140,Valdosta GA Metro Area
88,13.9724271487,1.91618521835,3.98898635485,1.32318804443,1.75131094714,42340.0,142,372708,Savannah GA Metro Area
89,9.58576566076,5.46185198795,2.58158472952,1.29321241394,6.25952936789,12260.0,92,583010,Augusta-Richmond County GA-SC Metro Area
90,39.4871422892,11.0809224356,9.73131598052,5.37910968083,1.8360935764,16860.0,99,543153,Chattanooga TN-GA Metro Area
91,36.5715357018,21.3952626619,7.62217875918,2.69486906759,3.5263281009,12020.0,222,197268,Athens-Clarke County GA Metro Area
92,28.5893323322,9.9022499879,7.77678551531,3.05445884624,2.87880443733,23580.0,229,190761,Gainesville GA Metro Area
93,36.2216569417,9.40979883774,9.92675128592,3.51573128375,1.43874363767,47580.0,232,186675,Warner Robins GA Metro Area
94,14.3010712282,6.1446059082,3.87977008339,1.56306934762,3.14679688088,19140.0,297,142952,Dalton GA Metro Area
95,37.1996344589,10.7819465261,8.5796909172,5.54566827885,2.63857554911,25900.0,225,194190,Hilo HI Micro Area
96,19.8309957505,4.00945200021,5.01573845664,2.68880734313,1.0501246635,46520.0,54,991788,Urban Honolulu HI Metro Area
97,0.0,0.0,0.0,0.0,0.0,27980.0,259,163108,Kahului-Wailuku-Lahaina HI Metro Area
98,18.320609181,3.81842472187,4.9456625993,1.96818635795,0.580236150699,14260.0,81,666144,Boise City ID Metro Area
99,24.928318503,7.50772001882,6.43085688821,3.68429597286,0.851481810381,17660.0,290,147326,Coeur d'Alene ID Metro Area
100,11.7119987211,3.83131108112,2.78581437657,1.8837345628,2.41073519928,41180.0,18,2805856,St. Louis MO-IL Metro Area
101,16.7339987056,2.45025452479,5.01884263124,1.60549142537,0.960926024838,40420.0,149,342411,Rockford IL Metro Area
102,35.6876191404,12.2250880175,8.19622025263,6.966413268,3.58028088969,36860.0,278,151415,Ottawa-Peru IL Micro Area
103,14.6356507343,3.85463627449,3.72376780491,1.56439581377,1.16441965868,16580.0,192,238680,Champaign-Urbana IL Metro Area
104,7.99279722521,1.76213765299,1.95315277999,1.0813220059,0.473719897235,16980.0,2,9553810,Chicago-Naperville-Elgin IL-IN-WI Metro Area
105,4.32468789764,1.18813078638,1.03872309493,0.58068546617,0.636556161728,14010.0,230,188917,Bloomington IL Metro Area
106,18.7220717673,5.27008894389,4.72577221025,2.88695447899,2.33688151468,19340.0,137,382382,Davenport-Moline-Rock Island IA-IL Metro Area
107,13.5954313652,4.11537204323,3.47006774416,2.53050658755,2.14946678902,37900.0,138,379520,Peoria IL Metro Area
108,2.76166126919,0.329801163891,0.449507059856,0.678886444115,1.33365374429,44100.0,211,211311,Springfield IL Metro Area
109,33.0907921133,10.1300985727,8.79550907417,3.98668545072,2.6420692959,23060.0,123,427183,Fort Wayne IN Metro Area
110,1.19766162671,0.364387416792,0.250015406546,0.237256701685,0.939037802158,29200.0,209,211515,Lafayette-West Lafayette IN Metro Area
111,13.4284320907,1.19780138324,4.48854356248,0.975501474348,0.919234088875,26900.0,33,1972241,Indianapolis-Carmel-Anderson IN Metro Area
112,21.5739821756,6.63688553613,4.99935456178,2.94071984203,1.78231006566,31140.0,43,1265210,Louisville/Jefferson County KY-IN Metro Area
113,3.86115679119,1.1974476077,0.87328732746,0.552391037209,1.46086816844,45460.0,244,171555,Terre Haute IN Metro Area
114,26.3859410855,7.07236169241,6.51192718811,3.56254601422,3.4759613628,17140.0,28,2149971,Cincinnati OH-KY-IN Metro Area
115,19.726370489,5.787542506,5.63807838018,2.13392663603,2.60261527967,21140.0,219,201971,Elkhart-Goshen IN Metro Area
116,19.828641711,6.08409442806,3.98972303555,1.80961499913,1.96400515522,14020.0,257,164308,Bloomington IN Metro Area
117,23.0506459321,5.99514806917,5.04511547823,4.06167796598,1.79041178759,21780.0,158,315162,Evansville IN-KY Metro Area
118,33.7727050159,9.17496120615,8.18479673899,4.77863962545,1.54950515991,43780.0,157,319226,South Bend-Mishawaka IN-MI Metro Area
119,14.663286536,3.01579483783,3.74321103765,2.40647723629,1.97134679005,16300.0,181,263885,Cedar Rapids IA Metro Area
120,23.8171822466,8.97695302589,5.36314351056,3.07326140365,2.20918985701,47940.0,246,169993,Waterloo-Cedar Falls IA Metro Area
121,5.16156883828,0.863201839789,1.60175703368,0.425753792257,0.771014908558,19780.0,89,611549,Des Moines-West Des Moines IA Metro Area
122,17.9150405946,4.89306244997,3.99817539746,3.61910572958,1.96290463683,36540.0,60,904491,Omaha-Council Bluffs NE-IA Metro Area
123,16.736064702,3.71789921776,4.09726142174,1.78407897517,1.46735227958,26980.0,256,164357,Iowa City IA Metro Area
124,4.11491183462,0.638224903068,1.09322656517,0.537357120929,1.12468731487,43580.0,249,169058,Sioux City IA-NE-SD Metro Area
125,24.5587507667,5.80024558103,6.40799918295,3.23172766116,1.54294248698,48620.0,84,641225,Wichita KS Metro Area
126,15.1024791841,4.43585472603,4.18868628201,2.14453848109,2.36878465613,45820.0,194,233758,Topeka KS Metro Area
127,21.9910338845,2.86907515914,6.12058681308,2.07616304635,0.576808882467,28140.0,29,2070221,Kansas City MO-KS Metro Area
128,1.23390193887,0.516149936451,0.312798970865,0.242425422475,4.07630454214,14540.0,254,165928,Bowling Green KY Metro Area
129,7.53093716095,2.61535453886,1.84224416544,0.877180917182,2.21022201094,30460.0,107,494189,Lexington-Fayette KY Metro Area
130,26.2839339404,10.9521217513,5.25571822604,4.14171622822,2.487384738,26580.0,144,363325,Huntington-Ashland WV-KY-OH Metro Area
131,20.5137786141,8.58326721818,5.79361429529,1.17024194057,2.64049384237,17300.0,167,279593,Clarksville TN-KY Metro Area
132,23.1669959041,8.2482635292,6.28146589696,2.16702568553,1.94379297003,21060.0,277,151491,Elizabethtown-Fort Knox KY Metro Area
133,1.70138320103,0.572559621704,0.49307404483,0.224201033664,1.79701803795,29180.0,108,484974,Lafayette LA Metro Area
134,39.7137719583,10.8697984079,11.3637400634,3.54214215001,3.42586153035,12940.0,70,825478,Baton Rouge LA Metro Area
135,25.3291250346,6.90134793192,6.86839605517,2.62388270202,2.79083493402,43340.0,113,445142,Shreveport-Bossier City LA Metro Area
136,21.929406816,7.89847804637,5.91332925902,2.21451154376,2.62666034981,29340.0,215,204059,Lake Charles LA Metro Area
137,22.6394105821,7.5102722332,5.60079138361,3.51182253685,4.54826208165,10780.0,267,154872,Alexandria LA Metro Area
138,12.0866582257,4.36153455113,3.2005799545,1.20463294371,0.895274549727,35380.0,45,1251849,New Orleans-Metairie LA Metro Area
139,27.6433536408,9.85572860265,7.13928385803,3.33136104195,4.42184249576,26380.0,210,211348,Houma-Thibodaux LA Metro Area
140,41.563729998,19.2310989711,11.3489513842,4.48688303572,4.21330257529,33740.0,238,178864,Monroe LA Metro Area
141,21.6616064929,4.50153643401,4.8105859254,3.42513360354,2.03673304354,38860.0,104,523552,Portland-South Portland ME Metro Area
142,16.192130827,5.90670199486,3.18850170335,2.67228400761,2.64623345326,12620.0,271,153414,Bangor ME Metro Area
143,28.6988013773,3.35957227508,6.66898376986,3.76036766987,1.11527694056,12580.0,19,2785874,Baltimore-Columbia-Towson MD Metro Area
144,24.158744809,6.23094365857,5.01801217802,3.25904913419,2.77646474232,25180.0,184,260070,Hagerstown-Martinsburg MD-WV Metro Area
145,50.3529941952,8.61021064316,9.05363278716,12.0345513068,2.08955458368,12700.0,206,214914,Barnstable Town MA Metro Area
146,31.0688540319,4.52456363105,7.01864532718,4.17993270223,1.25968271282,39300.0,38,1609367,Providence-Warwick RI-MA Metro Area
147,32.1454865385,4.51404591598,7.49881120631,4.64196179714,1.64706940902,14460.0,9,4732161,Boston-Cambridge-Newton MA-NH Metro Area
148,26.0406287976,5.31056473765,5.52907483957,4.27889890353,1.94684245002,44140.0,88,629100,Springfield MA Metro Area
149,2.82744377442,0.906604375238,0.714596397416,0.447539922599,1.5180722825,24340.0,52,1027703,Grand Rapids-Wyoming MI Metro Area
150,0.0,0.0,0.0,0.0,2.360380465,45900.0,289,147610,Traverse City MI Micro Area
151,24.5618212131,8.39510029748,5.75201723935,3.91264297804,3.02351090385,35660.0,266,155233,Niles-Benton Harbor MI Metro Area
152,17.6993629832,3.44627165981,4.85719352462,1.86507368288,2.2607094129,29620.0,110,470458,Lansing-East Lansing MI Metro Area
153,29.8461757456,8.95424016657,7.61076174021,4.05311824523,1.80249630291,22420.0,129,412895,Flint MI Metro Area
154,26.4784654562,9.85753568054,6.04335816151,3.29347175357,3.86151598978,27100.0,262,159741,Jackson MI Metro Area
155,25.9500014337,8.83152168548,6.20413687353,2.82745267764,2.03991486708,28020.0,151,334017,Kalamazoo-Portage MI Metro Area
156,10.1499071922,3.23389038397,2.2706207488,1.6254039577,2.09507169782,19820.0,13,4296611,Detroit-Warren-Dearborn MI Metro Area
157,20.5808676325,4.71498487358,4.86349671966,2.74912406306,1.90670730449,33780.0,281,149824,Monroe MI Metro Area
158,35.1110989937,14.3196897266,8.81755222686,4.54078287,3.83005988095,34740.0,242,172344,Muskegon MI Metro Area
159,20.6689972028,7.2293080002,4.57546039046,3.08763301713,2.14061171339,40980.0,224,195012,Saginaw MI Metro Area
160,25.6494240628,6.84750352584,5.90750454647,2.30893863485,2.09632143107,11460.0,147,356874,Ann Arbor MI Metro Area
161,38.3937288045,6.58160834764,10.1291873692,3.72111393814,1.80654522781,33460.0,15,3495176,Minneapolis-St. Paul-Bloomington MN-WI Metro Area
162,23.8446408366,6.85492918015,5.43250374326,4.25880212161,2.7587841194,41060.0,226,192418,St. Cloud MN Metro Area
163,22.428063329,5.44017662744,5.51718985056,3.55699776029,2.42832140854,20260.0,166,280218,Duluth MN-WI Metro Area
164,19.9505350845,5.3796540342,5.1966033428,2.40601077956,1.60479286629,22020.0,197,228291,Fargo ND-MN Metro Area
165,10.5087352721,1.28904624722,3.15371904516,1.10278412734,1.14423640951,40340.0,208,212778,Rochester MN Metro Area
166,31.009359736,15.7815322369,8.17922354386,3.8931241121,7.60332231641,27140.0,93,576246,Jackson MS Metro Area
167,13.0067737283,6.6386611222,3.05863242287,1.43056137102,2.28075688464,25620.0,282,149312,Hattiesburg MS Metro Area
168,44.8123662028,17.0038889011,10.5502935514,6.9121557879,1.93994461292,25060.0,136,386144,Gulfport-Biloxi-Pascagoula MS Metro Area
169,11.3208731328,4.40525958489,2.25904445859,1.57932035731,3.42379783362,46180.0,299,139723,Tupelo MS Micro Area
170,32.1646190412,11.6180210784,6.75586768907,2.5130495943,1.87872867461,17860.0,241,172717,Columbia MO Metro Area
171,14.7358056046,4.62818869314,3.33815625158,1.91754897712,1.96252083747,27620.0,280,150131,Jefferson City MO Metro Area
172,16.2972631884,4.15794359962,4.68676619463,1.81869509619,1.33872905531,44180.0,112,450619,Springfield MO Metro Area
173,23.6642188788,8.88548333573,5.79061768894,3.35668752101,1.6735942169,27900.0,239,176141,Joplin MO Metro Area
174,35.9277750365,11.1842476617,7.59898314111,6.13165515819,2.27370555457,13740.0,251,167521,Billings MT Metro Area
175,13.4104555074,3.16901247186,3.57504213744,1.19901582008,0.359574096084,30700.0,156,320227,Lincoln NE Metro Area
176,8.48037526957,2.02799831516,2.08477666493,1.01665979225,0.55513494943,29820.0,30,2069681,Las Vegas-Henderson-Paradise NV Metro Area
177,5.68832974704,1.16714778047,1.21414335349,1.33303864606,3.97799234759,39900.0,114,444487,Reno NV Metro Area
178,12.9147270259,3.59354347626,1.87979462244,1.74148384959,2.82150254232,17200.0,203,217634,Claremont-Lebanon NH-VT Micro Area
179,28.6148352238,3.43916037134,6.86560562022,3.41679292669,1.42204584601,31700.0,130,405184,Manchester-Nashua NH Metro Area
180,21.2227059982,5.16926541637,4.72413601365,3.26415740353,2.74373012644,18180.0,291,147171,Concord NH Micro Area
181,36.2825693651,10.5843381269,8.67678467626,4.99420172118,6.97444425334,12100.0,172,275209,Atlantic City-Hammonton NJ Metro Area
182,11.8714882795,1.06407764247,2.87681357594,1.93496098878,0.33823509496,35620.0,0,20092883,New York-Newark-Jersey City NY-NJ-PA Metro Area
183,30.0217306488,9.23098834093,6.6489213908,3.54331589819,3.67844470816,47220.0,264,157389,Vineland-Bridgeton NJ Metro Area
184,28.0096088436,3.12437904396,5.81259086947,3.55649011906,1.69394458982,45940.0,143,371537,Trenton NJ Metro Area
185,30.092385611,5.14710611418,6.95902651814,3.93482794813,2.19413600694,10900.0,69,829835,Allentown-Bethlehem-Easton PA-NJ Metro Area
186,20.5440550394,6.16139712124,5.41031683324,2.22389698744,0.668766421666,10740.0,59,905213,Albuquerque NM Metro Area
187,42.1680884275,20.9249311163,11.6382579489,5.26785600962,2.88457848029,29740.0,207,213676,Las Cruces NM Metro Area
188,31.9564493836,10.4813388754,7.75210221616,4.04541163041,1.35098943005,42140.0,285,148164,Santa Fe NM Metro Area
189,27.4993348836,4.95511524459,5.68102184096,4.24280400239,2.55316341502,10580.0,61,880167,Albany-Schenectady-Troy NY Metro Area
190,20.184039003,4.76360089827,3.50812514661,3.19264046218,2.23565211191,13780.0,190,247219,Binghamton NY Metro Area
191,25.9024976972,5.88816534028,5.50856501766,4.32771115622,2.31620329527,15380.0,50,1136360,Buffalo-Cheektowaga-Niagara Falls NY Metro Area
192,12.6937750078,4.40352798277,2.70710174617,2.34982511021,2.82124772074,46540.0,165,296615,Utica-Rome NY Metro Area
193,17.0262519029,8.80251587662,2.31153724578,1.71380626704,2.51093694004,40380.0,51,1083393,Rochester NY Metro Area
194,14.5605194177,4.82980635946,3.41681636453,2.31476381221,3.76567048157,45060.0,82,661478,Syracuse NY Metro Area
195,25.6429762378,6.01405172665,5.57708054066,4.19801573304,4.32670113802,28740.0,235,180445,Kingston NY Metro Area
196,26.9914672656,11.3023868959,6.26560317852,3.47867006702,2.91851202207,15500.0,265,155792,Burlington NC Metro Area
197,6.49432621974,2.27029163541,1.52710383652,0.829675778439,3.35740114418,25860.0,145,362896,Hickory-Lenoir-Morganton NC Metro Area
198,15.6798959785,4.84661488337,3.11642071539,3.08931224029,4.43395679478,34820.0,126,417668,Myrtle Beach-Conway-North Myrtle Beach SC-NC Metro Area
199,24.7962110904,8.64738557043,5.31677016386,3.77853122081,2.32922871205,11700.0,117,442316,Asheville NC Metro Area
200,22.3508233662,5.79514434197,6.15188520025,2.35276097761,1.56582715102,16740.0,21,2380314,Charlotte-Concord-Gastonia NC-SC Metro Area
201,7.89529790973,3.4777126204,2.0371350083,0.940797033748,3.83503071415,20500.0,100,542710,Durham-Chapel Hill NC Metro Area
202,30.2256246763,12.7975806912,8.9289704364,2.0825105033,2.57344541107,22180.0,139,377939,Fayetteville NC Metro Area
203,13.1031413066,2.7549510874,2.77329391493,1.83410797464,2.09873938665,47260.0,37,1717387,Virginia Beach-Norfolk-Newport News VA-NC Metro Area
204,17.3011483226,6.40957828206,4.2620395,2.39593861666,2.76465691458,49180.0,83,655015,Winston-Salem NC Metro Area
205,16.1514819708,9.48545916321,4.31912986859,2.34942799252,6.34827847731,40580.0,283,149290,Rocky Mount NC Metro Area
206,4.73166882186,2.17351689589,1.12760441122,0.789581482841,3.53987943389,39580.0,46,1242974,Raleigh NC Metro Area
207,21.0172810552,6.68838544898,4.88611321854,2.58537869234,1.81392724516,24660.0,74,746593,Greensboro-High Point NC Metro Area
208,31.9763285561,7.88285787673,6.6911829044,4.59162827302,1.08190995056,48900.0,176,272548,Wilmington NC Metro Area
209,32.2885808767,10.9548524628,8.83019211267,1.71775947774,2.96425727504,27340.0,231,187589,Jacksonville NC Metro Area
210,8.6490184887,3.1639113448,2.16598015693,0.860768546157,2.3518506584,24780.0,240,175354,Greenville NC Metro Area
211,14.9317865646,4.94234385438,2.22769552773,2.29134448919,3.12653536051,48540.0,293,145205,Wheeling WV-OH Metro Area
212,5.8119383838,1.82801210826,1.13605277379,1.33911055796,2.94179038862,15940.0,133,403923,Canton-Massillon OH Metro Area
213,19.2333344927,3.74599612485,4.23528839288,3.3777537419,1.01258172232,17460.0,31,2063598,Cleveland-Elyria OH Metro Area
214,26.5979010796,2.13381578382,8.44060660697,2.11782504869,1.06102176315,18140.0,32,1994536,Columbus OH Metro Area
215,13.5120433188,4.01854401224,3.47411899919,2.38063048149,1.65691461645,45780.0,91,607456,Toledo OH Metro Area
216,33.2018867292,6.07787162019,7.28010858615,4.50571718562,1.57302832877,19380.0,71,800836,Dayton OH Metro Area
217,29.2271582777,12.6271345067,6.28795065397,4.85766716585,3.80046793861,49660.0,98,553263,Youngstown-Warren-Boardman OH-PA Metro Area
218,20.5452144915,5.25013911654,4.65789244794,2.84514118309,1.57050531671,10420.0,78,703825,Akron OH Metro Area
219,29.2948272167,6.30325602993,7.60057883098,3.146961851,0.859288981956,36420.0,42,1336767,Oklahoma City OK Metro Area
220,18.8499325367,5.92028549537,4.39405598275,3.23146315957,2.87125873379,46140.0,55,970391,Tulsa OK Metro Area
221,16.804625401,3.11403329095,4.18319795092,2.28771045045,1.30055324504,38900.0,23,2347127,Portland-Vancouver-Hillsboro OR-WA Metro Area
222,15.5368059763,4.43837066564,3.86643746067,1.96510698479,1.09044356535,13460.0,245,170388,Bend-Redmond OR Metro Area
223,16.501625345,5.16723919072,3.77310300905,3.00843883211,0.946393315625,32780.0,212,210287,Medford OR Metro Area
224,15.3404273396,4.87360417191,3.37503006495,2.39828490953,1.15030617177,21660.0,146,358337,Eugene OR Metro Area
225,14.4672231623,4.70478207125,3.98646627961,1.77090787057,0.737156723169,41420.0,131,404026,Salem OR Metro Area
226,28.73943012,6.43894938154,6.15915290441,4.91963560961,2.58699032585,38300.0,22,2355968,Pittsburgh PA Metro Area
227,15.3890351323,2.934186023,3.48931517758,2.49482981244,1.31129855834,39740.0,128,413691,Reading PA Metro Area
228,13.6138519091,3.08755008351,2.54949500761,1.83304271379,2.73301879466,44300.0,263,158742,State College PA Metro Area
229,19.6859557262,3.20567438474,4.16563437901,2.69548579072,1.7892232659,25420.0,95,560849,Harrisburg-Carlisle PA Metro Area
230,26.3253886956,6.99164087726,5.67160696258,3.96675094089,2.87041581248,21500.0,170,278443,Erie PA Metro Area
231,20.7437234565,5.24562935145,4.79386436887,3.83285566653,2.45359980324,16540.0,273,152892,Chambersburg-Waynesboro PA Metro Area
232,11.294806404,2.93882524549,2.45876377268,2.01895948127,1.88547169777,42540.0,96,559679,Scranton--Wilkes-Barre--Hazleton PA Metro Area
233,25.7338598275,5.18695470688,6.35721691474,3.86151116293,4.00900082772,29540.0,102,533320,Lancaster PA Metro Area
234,29.981711525,8.1210003844,7.97435274397,3.13745399729,1.88702296182,20700.0,253,166314,East Stroudsburg PA Metro Area
235,6.63078097874,2.05181862087,1.41241384329,1.12928312677,1.99043905155,39060.0,292,145797,Pottsville PA Micro Area
236,26.1999221633,4.81154058399,6.33231391529,3.53188167957,1.43797218131,49620.0,119,440755,York-Hanover PA Metro Area
237,30.4275702346,11.0314337581,7.48612616645,4.52805787665,3.26426206812,24860.0,63,862463,Greenville-Anderson-Mauldin SC Metro Area
238,30.2260524604,8.79074184065,6.95317586093,5.48201106548,3.04597835586,25940.0,218,203022,Hilton Head Island-Bluffton-Beaufort SC Metro Area
239,22.6996981421,7.34890027695,5.861058771,2.21098419033,2.56178511333,16700.0,76,727689,Charleston-North Charleston SC Metro Area
240,0.778869110536,0.22434334608,0.147835801016,0.115334387862,8.33048032557,17900.0,72,800752,Columbia SC Metro Area
241,14.2097193841,5.59710426781,3.23505281364,2.57543522391,3.8142825118,22500.0,214,207030,Florence SC Metro Area
242,33.3458634822,12.8453880245,8.21806196907,4.29358251292,3.5530131725,43900.0,155,321418,Spartanburg SC Metro Area
243,35.3458479337,7.16084087594,7.32794265029,5.80270350637,1.00167638237,39660.0,295,143867,Rapid City SD Metro Area
244,11.9196551371,2.10614348781,3.51842675934,0.802956207846,1.93811537414,43620.0,188,248252,Sioux Falls SD Metro Area
245,18.6570355553,4.85836056337,4.10779341218,3.47345342208,2.24762757491,28940.0,65,857385,Knoxville TN Metro Area
246,2.20367112161,0.91808491085,0.534765376365,0.264618153162,2.84466568178,34980.0,36,1792468,Nashville-Davidson--Murfreesboro--Franklin TN Metro Area
247,33.0247146114,15.1672112247,6.51107093076,5.45903001286,3.59968678783,27740.0,220,201750,Johnson City TN Metro Area
248,23.3653832218,7.74050487061,5.41069728309,3.35849416191,3.63872577166,28700.0,163,308590,Kingsport-Bristol-Bristol TN-VA Metro Area
249,38.2827164587,16.7802938826,8.29232854032,7.8227156807,5.58198515874,18580.0,116,443480,Corpus Christi TX Metro Area
250,23.5997596009,5.6825766578,5.4602407915,3.89012816956,2.25362340279,48660.0,276,151536,Wichita Falls TX Metro Area
251,99.7479207981,29.3961939202,22.1884267938,20.6944235667,4.28829744914,11100.0,183,261752,Amarillo TX Metro Area
252,16.7793134878,5.91552080343,4.57969106476,2.49488938719,3.45285882343,41700.0,24,2326665,San Antonio-New Braunfels TX Metro Area
253,14.0636620938,3.66059882071,3.19464119961,2.68933396883,3.32292104637,26420.0,4,6490180,Houston-The Woodlands-Sugar Land TX Metro Area
254,41.6533781544,18.2399613418,11.5800176552,4.14028162955,3.81472855579,12420.0,35,1943299,Austin-Round Rock TX Metro Area
255,38.2513696731,13.1958251209,11.2919415571,2.89902070667,1.81543849185,28660.0,124,425239,Killeen-Temple TX Metro Area
256,33.8771502399,18.0934023974,7.08250046341,1.85009205321,2.58246912096,17780.0,191,239953,College Station-Bryan TX Metro Area
257,22.0932265869,5.67608602775,5.01401658678,4.38978516742,2.55015199413,10180.0,252,166900,Abilene TX Metro Area
258,27.6316083039,16.3558803573,8.84002202733,3.36573810463,3.17246579174,15180.0,125,420392,Brownsville-Harlingen TX Metro Area
259,14.8986502674,2.10876642149,4.41832183581,1.05197948313,0.650692896258,19100.0,3,6954003,Dallas-Fort Worth-Arlington TX Metro Area
260,4.58184244472,1.87733575594,0.800664980603,1.12956478395,1.35269855183,31180.0,164,305262,Lubbock TX Metro Area
261,22.5682991415,8.39028518013,6.73728722628,2.08857802949,1.39331658901,36220.0,270,153904,Odessa TX Metro Area
262,22.3740356578,12.0333169816,6.87597301198,1.91696349729,1.49483157807,21340.0,67,836444,El Paso TX Metro Area
263,36.4337653639,17.6273348192,8.62220455204,6.53996891343,4.99165118286,47380.0,182,261958,Waco TX Metro Area
264,24.3590108969,9.02642784516,6.52383629092,3.10578739295,3.04505716515,30980.0,204,217481,Longview TX Metro Area
265,27.8440673667,8.00515220331,7.29808007524,3.71869001138,2.770934333,13140.0,132,403958,Beaumont-Port Arthur TX Metro Area
266,42.6534484085,26.551265281,14.9410110245,3.82920225755,3.03243128227,32580.0,68,831073,McAllen-Edinburg-Mission TX Metro Area
267,21.0735252166,9.45731999353,6.77262727448,2.80559175593,0.602171572368,33260.0,258,163470,Midland TX Metro Area
268,20.2036912805,6.84183635702,5.35400547713,3.00615175666,2.69579899857,46340.0,202,218842,Tyler TX Metro Area
269,17.8971607199,8.83340995907,6.70666987204,0.873499688829,0.987820014398,29700.0,178,266673,Laredo TX Metro Area
270,17.7546492741,4.48350943693,6.26328654009,1.92845248674,0.968430862669,36260.0,87,631146,Ogden-Clearfield UT Metro Area
271,43.004678766,13.1862935221,14.2550510946,5.4080035183,1.49470197867,39340.0,94,572798,Provo-Orem UT Metro Area
272,11.4775355566,3.05570719981,3.59802004915,0.792838253095,0.567977092663,41620.0,48,1153340,Salt Lake City UT Metro Area
273,27.6398694586,8.30674638562,8.52673134334,4.77744005388,1.59381869718,41100.0,275,151948,St. George UT Metro Area
274,19.8829746125,3.50213467502,4.19158053334,2.5633110277,1.53338154976,15540.0,205,215824,Burlington-South Burlington VT Metro Area
275,15.6229105261,2.73204779174,3.98547192111,1.75001273072,1.94120447321,16820.0,198,227738,Charlottesville VA Metro Area
276,14.6152398257,3.28532477776,2.94755527085,2.05762065741,2.77935561124,40060.0,44,1260668,Richmond VA Metro Area
277,20.1722981387,7.57977880164,4.07025443951,2.83410445522,4.56058006595,31340.0,186,257570,Lynchburg VA Metro Area
278,22.0107733697,2.9382626343,5.21054889449,3.44631285185,1.8340568368,40220.0,161,312837,Roanoke VA Metro Area
279,27.8388186215,10.8034099309,6.04686156598,4.57694782046,5.52821756878,13980.0,234,181249,Blacksburg-Christiansburg-Radford VA Metro Area
280,21.5715550743,4.03567437125,5.73880936639,2.60418937549,0.904759747188,28420.0,173,274295,Kennewick-Richland WA Metro Area
281,17.26468711,2.61026556819,4.28051329209,1.88040210576,0.543283595492,42660.0,14,3671478,Seattle-Tacoma-Bellevue WA Metro Area
282,31.7622312521,6.22151362034,7.46410075811,3.95543851155,1.64176291607,14740.0,187,254183,Bremerton-Silverdale WA Metro Area
283,33.0641162705,13.7993911447,6.80091828911,5.92764647323,2.84336925505,44060.0,101,542073,Spokane-Spokane Valley WA Metro Area
284,31.4163843491,5.91495910834,7.80678118608,3.68949517896,1.29059075663,36500.0,180,265851,Olympia-Tumwater WA Metro Area
285,25.2979716368,6.1239825196,6.00653328821,3.82601549714,1.7864664706,13380.0,213,208351,Bellingham WA Metro Area
286,12.433375519,4.62266070087,3.49628998983,1.56270240791,0.954297815334,49420.0,189,247687,Yakima WA Metro Area
287,3.04740387316,1.21787845252,0.564768488242,0.566207130184,9.27346117729,16620.0,200,223371,Charleston WV Metro Area
288,26.2625095936,6.43106285378,6.49657599956,2.81442581813,0.962034777832,24580.0,159,314531,Green Bay WI Metro Area
289,18.2290221252,1.73667568534,5.69803752899,1.40928150867,1.11780255727,11540.0,196,231497,Appleton WI Metro Area
290,18.1877772194,5.4056504247,4.29752113268,2.53772859964,2.27318451998,20740.0,255,165024,Eau Claire WI Metro Area
291,5.92489031686,1.73169767876,1.32867662067,0.961746982739,1.34486694903,31540.0,86,633787,Madison WI Metro Area
292,13.0921047527,3.23380641748,3.117653253,1.85709294448,0.991512385697,33340.0,39,1572245,Milwaukee-Waukesha-West Allis WI Metro Area
293,29.5924875986,7.65560182422,7.29056969787,3.56095322567,1.93206704983,39540.0,223,195163,Racine WI Metro Area
294,30.9048856478,9.15132617524,7.8142867701,4.37724135866,2.15231768386,27500.0,261,161188,Janesville-Beloit WI Metro Area
295,30.7283376078,8.21288496641,7.14836067883,3.73798911768,2.06988000391,36780.0,248,169511,Oshkosh-Neenah WI Metro Area
